ID клиента,Тип компании,Прибыль компании-клиента,Постоянный или новый клиент,Потребность клиента в товаре,Договор_заключен,Стадия работы с клиентом
1,Маркетинг,15593991,Постоянный,Средняя потребность,0,Холодный звонок
2,Торговля,13486305,Новый,Срочная потребность,1,Договор заключен
3,Консалтинг,18609165,Новый,Высокая потребность,0,Работа над договором
4,Продажи,19217651,Постоянный,Низкая потребность,0,Холодный звонок
5,Продажи,14142378,Постоянный,Срочная потребность,1,Договор заключен
6,Ритейл,7512609,Новый,Средняя потребность,0,Договор расторгнут
7,Маркетинг,12041517,Постоянный,Низкая потребность,0,Холодный звонок
8,Консалтинг,8587873,Новый,Низкая потребность,0,Работа над договором
9,Строительство,12637568,Постоянный,Высокая потребность,1,Договор заключен
10,Маркетинг,16270640,Постоянный,Нет потребности,0,Холодный звонок
11,Продажи,7481248,Постоянный,Средняя потребность,0,Договор расторгнут
12,Ритейл,10189381,Новый,Низкая потребность,1,Договор заключен
13,Торговля,1055884,Постоянный,Средняя потребность,0,Договор расторгнут
14,Торговля,14770975,Постоянный,Средняя потребность,0,Работа над договором
15,Торговля,9873579,Постоянный,Высокая потребность,1,Договор заключен
16,Торговля,9275232,Постоянный,Средняя потребность,0,Холодный звонок
17,Продажи,10718750,Постоянный,Нет потребности,0,Холодный звонок
18,Маркетинг,4427578,Постоянный,Высокая потребность,0,Холодный звонок
19,Торговля,12019654,Постоянный,Средняя потребность,1,Договор заключен
20,Продажи,14942296,Новый,Высокая потребность,0,Договор расторгнут
21,Продажи,7091072,Новый,Низкая потребность,0,Холодный звонок
22,Финансы,2753430,Постоянный,Нет потребности,0,Работа над договором
23,Строительство,7828698,Постоянный,Средняя потребность,1,Договор заключен
24,Ритейл,4091885,Постоянный,Средняя потребность,1,Договор заключен
25,Торговля,7572693,Постоянный,Средняя потребность,1,Договор заключен
26,Консалтинг,12592475,Постоянный,Срочная потребность,1,Договор заключен
27,Финансы,2400882,Новый,Средняя потребность,0,Работа над договором
28,Торговля,14983305,Новый,Высокая потребность,1,Договор заключен
29,Продажи,4608580,Постоянный,Высокая потребность,0,Работа над договором
30,Продажи,17909554,Постоянный,Нет потребности,1,Договор заключен
31,Продажи,14689008,Постоянный,Высокая потребность,1,Договор заключен
32,Строительство,5560841,Постоянный,Средняя потребность,1,Договор заключен
33,Маркетинг,11330069,Постоянный,Средняя потребность,1,Договор заключен
34,Продажи,2347876,Постоянный,Низкая потребность,0,Холодный звонок
35,Ритейл,2129825,Постоянный,Высокая потребность,0,Холодный звонок
36,Маркетинг,19127526,Постоянный,Срочная потребность,1,Договор заключен
37,Ритейл,16078261,Постоянный,Нет потребности,0,Холодный звонок
38,Торговля,3215298,Постоянный,Высокая потребность,0,Холодный звонок
39,Строительство,5761382,Постоянный,Высокая потребность,1,Договор заключен
40,Консалтинг,4073689,Новый,Средняя потребность,0,Работа над договором
41,Строительство,7993949,Новый,Высокая потребность,0,Работа над договором
42,Торговля,5932889,Постоянный,Высокая потребность,0,Холодный звонок
43,Консалтинг,6662044,Новый,Срочная потребность,1,Договор заключен
44,Финансы,10658418,Новый,Срочная потребность,1,Договор заключен
45,Маркетинг,3902713,Постоянный,Нет потребности,0,Холодный звонок
46,Ритейл,17674087,Постоянный,Средняя потребность,1,Договор заключен
47,Продажи,14593881,Постоянный,Высокая потребность,1,Договор заключен
48,Ритейл,15246838,Постоянный,Низкая потребность,1,Договор заключен
49,Консалтинг,3514123,Постоянный,Средняя потребность,0,Договор расторгнут
50,Торговля,14206927,Постоянный,Срочная потребность,1,Договор заключен
51,Торговля,16749461,Постоянный,Нет потребности,0,Работа над договором
52,Строительство,3627334,Постоянный,Средняя потребность,0,Холодный звонок
53,Финансы,15062869,Постоянный,Срочная потребность,1,Договор заключен
54,Продажи,7250000,Новый,Средняя потребность,0,Работа над договором
55,Продажи,15783448,Постоянный,Средняя потребность,1,Договор заключен
56,Маркетинг,9646337,Постоянный,Срочная потребность,1,Договор заключен
57,Продажи,16073842,Постоянный,Средняя потребность,0,Холодный звонок
58,Строительство,3076405,Постоянный,Низкая потребность,0,Холодный звонок
59,Торговля,7873239,Постоянный,Нет потребности,0,Договор расторгнут
60,Консалтинг,5577579,Постоянный,Срочная потребность,0,Холодный звонок
61,Ритейл,5080028,Постоянный,Средняя потребность,0,Работа над договором
62,Торговля,6270414,Постоянный,Высокая потребность,0,Холодный звонок
63,Финансы,7741309,Новый,Низкая потребность,0,Договор расторгнут
64,Ритейл,2676432,Постоянный,Средняя потребность,1,Договор заключен
65,Финансы,14185589,Постоянный,Срочная потребность,1,Договор заключен
66,Финансы,11072257,Постоянный,Высокая потребность,0,Работа над договором
67,Ритейл,16611002,Постоянный,Срочная потребность,1,Договор заключен
68,Финансы,14144809,Постоянный,Средняя потребность,1,Договор заключен
69,Маркетинг,3108513,Постоянный,Высокая потребность,1,Договор заключен
70,Продажи,1538142,Постоянный,Срочная потребность,0,Работа над договором
71,Торговля,8542750,Постоянный,Средняя потребность,1,Договор заключен
72,Строительство,9700293,Новый,Средняя потребность,0,Работа над договором
73,Продажи,4918957,Постоянный,Срочная потребность,1,Договор заключен
74,Маркетинг,15676892,Постоянный,Средняя потребность,0,Договор расторгнут
75,Консалтинг,11694412,Новый,Высокая потребность,0,Работа над договором
76,Продажи,14997604,Постоянный,Срочная потребность,1,Договор заключен
77,Финансы,2313858,Новый,Низкая потребность,0,Холодный звонок
78,Строительство,16329200,Постоянный,Средняя потребность,1,Договор заключен
79,Продажи,4240895,Новый,Нет потребности,0,Работа над договором
80,Консалтинг,9047576,Постоянный,Средняя потребность,0,Работа над договором
81,Ритейл,8871525,Постоянный,Низкая потребность,1,Договор заключен
82,Продажи,16438058,Постоянный,Высокая потребность,1,Договор заключен
83,Строительство,5645407,Постоянный,Низкая потребность,1,Договор заключен
84,Торговля,4928948,Постоянный,Высокая потребность,1,Договор заключен
85,Консалтинг,6891618,Новый,Средняя потребность,0,Холодный звонок
86,Консалтинг,7312089,Постоянный,Средняя потребность,1,Договор заключен
87,Маркетинг,3756458,Постоянный,Средняя потребность,0,Работа над договором
88,Финансы,3650658,Постоянный,Высокая потребность,1,Договор заключен
89,Торговля,4742070,Постоянный,Средняя потребность,1,Договор заключен
90,Торговля,9429568,Постоянный,Средняя потребность,0,Договор расторгнут
91,Продажи,6965610,Новый,Срочная потребность,1,Договор заключен
92,Торговля,7932391,Постоянный,Высокая потребность,0,Работа над договором
93,Торговля,14423261,Постоянный,Низкая потребность,1,Договор заключен
94,Финансы,4932403,Постоянный,Срочная потребность,0,Работа над договором
95,Ритейл,18211362,Постоянный,Средняя потребность,0,Работа над договором
96,Финансы,15072847,Постоянный,Нет потребности,1,Договор заключен
97,Строительство,3617542,Постоянный,Высокая потребность,0,Холодный звонок
98,Консалтинг,6379858,Постоянный,Низкая потребность,0,Работа над договором
99,Консалтинг,3793493,Новый,Средняя потребность,1,Договор заключен
100,Маркетинг,5565165,Постоянный,Высокая потребность,1,Договор заключен
101,Торговля,7405104,Постоянный,Низкая потребность,0,Холодный звонок
102,Строительство,2748173,Постоянный,Высокая потребность,1,Договор заключен
103,Торговля,436519,Новый,Срочная потребность,1,Договор заключен
104,Маркетинг,8860610,Постоянный,Высокая потребность,0,Договор расторгнут
105,Торговля,14064672,Новый,Высокая потребность,0,Холодный звонок
106,Торговля,6163847,Новый,Высокая потребность,1,Договор заключен
107,Торговля,17230072,Новый,Срочная потребность,1,Договор заключен
108,Консалтинг,7480065,Постоянный,Средняя потребность,0,Работа над договором
109,Продажи,18030822,Постоянный,Низкая потребность,0,Договор расторгнут
110,Консалтинг,4834545,Постоянный,Высокая потребность,0,Работа над договором
111,Строительство,10855772,Постоянный,Высокая потребность,1,Договор заключен
112,Торговля,15298636,Постоянный,Низкая потребность,1,Договор заключен
113,Продажи,1321928,Новый,Высокая потребность,0,Холодный звонок
114,Продажи,18610566,Новый,Нет потребности,0,Работа над договором
115,Продажи,7394436,Постоянный,Срочная потребность,1,Договор заключен
116,Продажи,10033947,Постоянный,Средняя потребность,1,Договор заключен
117,Маркетинг,12624515,Постоянный,Нет потребности,0,Холодный звонок
118,Маркетинг,12913518,Постоянный,Низкая потребность,0,Договор расторгнут
119,Строительство,619819,Постоянный,Средняя потребность,0,Холодный звонок
120,Маркетинг,17363369,Постоянный,Средняя потребность,1,Договор заключен
121,Продажи,12528549,Постоянный,Нет потребности,0,Договор расторгнут
122,Консалтинг,19976768,Постоянный,Средняя потребность,1,Договор заключен
123,Консалтинг,9509528,Новый,Низкая потребность,0,Договор расторгнут
124,Продажи,12328302,Постоянный,Средняя потребность,1,Договор заключен
125,Торговля,8905096,Новый,Средняя потребность,0,Работа над договором
126,Продажи,17812122,Постоянный,Средняя потребность,1,Договор заключен
127,Маркетинг,16672889,Новый,Средняя потребность,0,Работа над договором
128,Торговля,18185873,Постоянный,Низкая потребность,1,Договор заключен
129,Консалтинг,10159973,Постоянный,Нет потребности,0,Холодный звонок
130,Консалтинг,15860312,Новый,Низкая потребность,0,Холодный звонок
131,Продажи,7272077,Новый,Высокая потребность,1,Договор заключен
132,Продажи,9299488,Новый,Срочная потребность,1,Договор заключен
133,Маркетинг,15240326,Постоянный,Срочная потребность,1,Договор заключен
134,Продажи,1760906,Постоянный,Высокая потребность,1,Договор заключен
135,Торговля,14253227,Постоянный,Высокая потребность,1,Договор заключен
136,Финансы,463740,Постоянный,Средняя потребность,0,Договор расторгнут
137,Консалтинг,11675918,Постоянный,Высокая потребность,0,Холодный звонок
138,Маркетинг,9622432,Постоянный,Высокая потребность,1,Договор заключен
139,Финансы,9453274,Постоянный,Срочная потребность,0,Работа над договором
140,Продажи,9962143,Новый,Срочная потребность,1,Договор заключен
141,Ритейл,9914880,Постоянный,Средняя потребность,1,Договор заключен
142,Строительство,8236143,Новый,Высокая потребность,0,Работа над договором
143,Строительство,9109382,Постоянный,Высокая потребность,1,Договор заключен
144,Финансы,11428121,Постоянный,Средняя потребность,0,Холодный звонок
145,Ритейл,15304796,Постоянный,Срочная потребность,0,Работа над договором
146,Торговля,11110429,Новый,Низкая потребность,0,Работа над договором
147,Маркетинг,12904077,Постоянный,Срочная потребность,0,Работа над договором
148,Строительство,16756768,Постоянный,Высокая потребность,1,Договор заключен
149,Торговля,19791818,Постоянный,Низкая потребность,0,Холодный звонок
150,Маркетинг,2306843,Постоянный,Высокая потребность,0,Холодный звонок
151,Торговля,14301578,Постоянный,Нет потребности,0,Холодный звонок
152,Строительство,4619776,Новый,Высокая потребность,1,Договор заключен
153,Ритейл,4056102,Постоянный,Высокая потребность,1,Договор заключен
154,Финансы,15891148,Постоянный,Высокая потребность,0,Работа над договором
155,Продажи,1513521,Новый,Срочная потребность,1,Договор заключен
156,Консалтинг,16979561,Постоянный,Низкая потребность,1,Договор заключен
157,Маркетинг,15445322,Новый,Средняя потребность,1,Договор заключен
158,Продажи,19897260,Постоянный,Средняя потребность,1,Договор заключен
159,Продажи,13408666,Постоянный,Нет потребности,1,Договор заключен
160,Торговля,17477303,Постоянный,Средняя потребность,0,Договор расторгнут
161,Ритейл,2502915,Постоянный,Средняя потребность,1,Договор заключен
162,Консалтинг,17814495,Новый,Средняя потребность,0,Работа над договором
163,Финансы,3332469,Постоянный,Средняя потребность,0,Договор расторгнут
164,Финансы,6389806,Постоянный,Срочная потребность,1,Договор заключен
165,Финансы,2694636,Постоянный,Средняя потребность,0,Работа над договором
166,Торговля,8122983,Постоянный,Срочная потребность,1,Договор заключен
167,Финансы,15017626,Новый,Средняя потребность,0,Холодный звонок
168,Строительство,5471489,Новый,Средняя потребность,1,Договор заключен
169,Финансы,16470577,Постоянный,Высокая потребность,1,Договор заключен
170,Маркетинг,12185043,Постоянный,Средняя потребность,1,Договор заключен
171,Маркетинг,12634183,Постоянный,Средняя потребность,1,Договор заключен
172,Маркетинг,18785286,Постоянный,Высокая потребность,0,Холодный звонок
173,Торговля,8722138,Новый,Низкая потребность,0,Работа над договором
174,Торговля,6991121,Постоянный,Средняя потребность,0,Работа над договором
175,Консалтинг,19891906,Постоянный,Высокая потребность,1,Договор заключен
176,Продажи,11206485,Постоянный,Средняя потребность,1,Договор заключен
177,Торговля,12349889,Новый,Срочная потребность,1,Договор заключен
178,Строительство,6031547,Постоянный,Средняя потребность,0,Работа над договором
179,Ритейл,4426421,Постоянный,Срочная потребность,1,Договор заключен
180,Продажи,3520529,Постоянный,Высокая потребность,0,Холодный звонок
181,Ритейл,4587646,Постоянный,Срочная потребность,1,Договор заключен
182,Строительство,4024432,Постоянный,Срочная потребность,1,Договор заключен
183,Продажи,14972402,Постоянный,Низкая потребность,0,Холодный звонок
184,Консалтинг,1300215,Постоянный,Высокая потребность,0,Холодный звонок
185,Продажи,12643281,Постоянный,Низкая потребность,1,Договор заключен
186,Продажи,18993476,Постоянный,Срочная потребность,1,Договор заключен
187,Строительство,15346219,Постоянный,Высокая потребность,1,Договор заключен
188,Финансы,8147160,Новый,Средняя потребность,0,Договор расторгнут
189,Строительство,1329141,Постоянный,Срочная потребность,1,Договор заключен
190,Финансы,16707299,Постоянный,Низкая потребность,0,Холодный звонок
191,Консалтинг,212502,Постоянный,Высокая потребность,1,Договор заключен
192,Консалтинг,13674390,Новый,Высокая потребность,1,Договор заключен
193,Консалтинг,13468338,Постоянный,Нет потребности,1,Договор заключен
194,Финансы,3959635,Постоянный,Высокая потребность,0,Холодный звонок
195,Ритейл,14836426,Новый,Срочная потребность,1,Договор заключен
196,Маркетинг,3632925,Постоянный,Нет потребности,0,Работа над договором
197,Финансы,4629111,Постоянный,Высокая потребность,1,Договор заключен
198,Маркетинг,16267965,Постоянный,Средняя потребность,1,Договор заключен
199,Финансы,19585711,Постоянный,Высокая потребность,1,Договор заключен
200,Ритейл,5404527,Постоянный,Низкая потребность,1,Договор заключен
201,Финансы,18438562,Постоянный,Срочная потребность,1,Договор заключен
202,Ритейл,18278710,Постоянный,Срочная потребность,1,Договор заключен
203,Продажи,15422741,Постоянный,Низкая потребность,1,Договор заключен
204,Консалтинг,2930099,Новый,Средняя потребность,0,Холодный звонок
205,Продажи,6093481,Постоянный,Высокая потребность,0,Работа над договором
206,Строительство,13602515,Постоянный,Высокая потребность,1,Договор заключен
207,Торговля,19984507,Новый,Средняя потребность,1,Договор заключен
208,Ритейл,16317306,Новый,Низкая потребность,0,Холодный звонок
209,Строительство,8492336,Постоянный,Низкая потребность,0,Работа над договором
210,Торговля,4819839,Постоянный,Срочная потребность,1,Договор заключен
211,Строительство,19212685,Новый,Средняя потребность,0,Холодный звонок
212,Торговля,5632716,Постоянный,Срочная потребность,0,Холодный звонок
213,Торговля,6943048,Новый,Средняя потребность,0,Холодный звонок
214,Продажи,19295699,Новый,Срочная потребность,1,Договор заключен
215,Торговля,11299047,Новый,Низкая потребность,1,Договор заключен
216,Строительство,5402262,Постоянный,Низкая потребность,1,Договор заключен
217,Маркетинг,256108,Постоянный,Срочная потребность,0,Холодный звонок
218,Маркетинг,8684647,Постоянный,Срочная потребность,1,Договор заключен
219,Продажи,19722129,Постоянный,Средняя потребность,0,Работа над договором
220,Ритейл,8735434,Новый,Средняя потребность,0,Работа над договором
221,Маркетинг,14035654,Постоянный,Средняя потребность,0,Работа над договором
222,Продажи,5172739,Постоянный,Средняя потребность,0,Холодный звонок
223,Консалтинг,15545916,Постоянный,Низкая потребность,1,Договор заключен
224,Строительство,15549453,Новый,Срочная потребность,0,Работа над договором
225,Торговля,12224771,Постоянный,Средняя потребность,0,Работа над договором
226,Финансы,15471209,Постоянный,Высокая потребность,1,Договор заключен
227,Торговля,11639627,Постоянный,Нет потребности,0,Холодный звонок
228,Консалтинг,7659612,Постоянный,Нет потребности,0,Работа над договором
229,Продажи,14796917,Постоянный,Высокая потребность,0,Работа над договором
230,Строительство,16727246,Постоянный,Средняя потребность,1,Договор заключен
231,Продажи,16845057,Постоянный,Высокая потребность,1,Договор заключен
232,Торговля,4379537,Постоянный,Низкая потребность,0,Холодный звонок
233,Маркетинг,13580363,Постоянный,Срочная потребность,0,Холодный звонок
234,Торговля,235469,Постоянный,Высокая потребность,0,Холодный звонок
235,Продажи,11504187,Постоянный,Срочная потребность,0,Работа над договором
236,Торговля,11487672,Постоянный,Низкая потребность,1,Договор заключен
237,Консалтинг,7365384,Постоянный,Средняя потребность,0,Холодный звонок
238,Продажи,19882443,Постоянный,Средняя потребность,0,Договор расторгнут
239,Финансы,17676774,Постоянный,Высокая потребность,1,Договор заключен
240,Консалтинг,917089,Постоянный,Средняя потребность,0,Холодный звонок
241,Маркетинг,4295387,Постоянный,Нет потребности,0,Холодный звонок
242,Консалтинг,4278761,Постоянный,Средняя потребность,0,Договор расторгнут
243,Маркетинг,17966543,Новый,Средняя потребность,1,Договор заключен
244,Консалтинг,10450455,Постоянный,Средняя потребность,1,Договор заключен
245,Консалтинг,14618162,Постоянный,Низкая потребность,1,Договор заключен
246,Маркетинг,16227323,Постоянный,Средняя потребность,1,Договор заключен
247,Торговля,15387253,Постоянный,Высокая потребность,0,Работа над договором
248,Финансы,1917483,Постоянный,Средняя потребность,1,Договор заключен
249,Торговля,2935647,Новый,Средняя потребность,0,Холодный звонок
250,Маркетинг,7995407,Новый,Высокая потребность,0,Работа над договором
251,Строительство,6866806,Постоянный,Высокая потребность,1,Договор заключен
252,Продажи,14979454,Постоянный,Средняя потребность,1,Договор заключен
253,Строительство,3251276,Постоянный,Высокая потребность,0,Холодный звонок
254,Финансы,7525132,Постоянный,Срочная потребность,0,Работа над договором
255,Консалтинг,4846002,Постоянный,Высокая потребность,0,Договор расторгнут
256,Строительство,3898402,Постоянный,Срочная потребность,1,Договор заключен
257,Консалтинг,3580156,Постоянный,Высокая потребность,0,Договор расторгнут
258,Маркетинг,4030592,Новый,Нет потребности,0,Холодный звонок
259,Строительство,11352808,Постоянный,Средняя потребность,0,Холодный звонок
260,Консалтинг,8289468,Постоянный,Высокая потребность,0,Холодный звонок
261,Торговля,8790470,Постоянный,Срочная потребность,0,Работа над договором
262,Строительство,9666428,Постоянный,Средняя потребность,1,Договор заключен
263,Финансы,14860040,Постоянный,Низкая потребность,1,Договор заключен
264,Ритейл,17257016,Постоянный,Высокая потребность,1,Договор заключен
265,Ритейл,10599746,Новый,Низкая потребность,0,Холодный звонок
266,Консалтинг,12898710,Постоянный,Высокая потребность,1,Договор заключен
267,Продажи,14810386,Постоянный,Высокая потребность,1,Договор заключен
268,Финансы,13854478,Постоянный,Высокая потребность,1,Договор заключен
269,Консалтинг,2815116,Постоянный,Срочная потребность,1,Договор заключен
270,Консалтинг,19662295,Постоянный,Высокая потребность,1,Договор заключен
271,Финансы,3421494,Постоянный,Высокая потребность,1,Договор заключен
272,Маркетинг,8325092,Постоянный,Высокая потребность,0,Холодный звонок
273,Строительство,13104158,Постоянный,Срочная потребность,1,Договор заключен
274,Ритейл,8156584,Новый,Срочная потребность,0,Холодный звонок
275,Финансы,4976153,Постоянный,Нет потребности,0,Работа над договором
276,Продажи,18478437,Новый,Высокая потребность,0,Работа над договором
277,Продажи,1569866,Постоянный,Низкая потребность,1,Договор заключен
278,Торговля,5030630,Постоянный,Срочная потребность,1,Договор заключен
279,Маркетинг,19860997,Постоянный,Высокая потребность,1,Договор заключен
280,Маркетинг,14636832,Новый,Средняя потребность,0,Работа над договором
281,Строительство,1876481,Постоянный,Низкая потребность,0,Договор расторгнут
282,Продажи,15128276,Новый,Средняя потребность,0,Холодный звонок
283,Консалтинг,19394773,Постоянный,Высокая потребность,0,Холодный звонок
284,Продажи,2091091,Постоянный,Низкая потребность,0,Холодный звонок
285,Продажи,8368930,Новый,Низкая потребность,0,Холодный звонок
286,Ритейл,9444393,Постоянный,Срочная потребность,1,Договор заключен
287,Строительство,2750601,Новый,Высокая потребность,0,Холодный звонок
288,Консалтинг,4131165,Постоянный,Низкая потребность,0,Работа над договором
289,Продажи,3599027,Новый,Средняя потребность,0,Холодный звонок
290,Продажи,3829699,Постоянный,Срочная потребность,1,Договор заключен
291,Торговля,8160047,Постоянный,Высокая потребность,0,Холодный звонок
292,Строительство,9356987,Постоянный,Высокая потребность,0,Договор расторгнут
293,Ритейл,4873996,Постоянный,Средняя потребность,1,Договор заключен
294,Финансы,5895179,Постоянный,Средняя потребность,0,Холодный звонок
295,Продажи,3965900,Постоянный,Нет потребности,0,Холодный звонок
296,Продажи,15951799,Постоянный,Высокая потребность,1,Договор заключен
297,Торговля,4353319,Постоянный,Нет потребности,0,Договор расторгнут
298,Продажи,18165957,Постоянный,Нет потребности,0,Холодный звонок
299,Строительство,10846281,Постоянный,Высокая потребность,1,Договор заключен
300,Маркетинг,16084004,Постоянный,Срочная потребность,1,Договор заключен
301,Финансы,12782429,Постоянный,Высокая потребность,1,Договор заключен
302,Торговля,5430712,Постоянный,Средняя потребность,1,Договор заключен
303,Маркетинг,12087039,Новый,Средняя потребность,1,Договор заключен
304,Ритейл,5591567,Постоянный,Средняя потребность,0,Холодный звонок
305,Продажи,2503426,Постоянный,Средняя потребность,0,Работа над договором
306,Маркетинг,5206357,Постоянный,Высокая потребность,1,Договор заключен
307,Финансы,5621463,Постоянный,Средняя потребность,0,Холодный звонок
308,Продажи,2830506,Постоянный,Высокая потребность,0,Холодный звонок
309,Финансы,618645,Постоянный,Срочная потребность,0,Холодный звонок
310,Маркетинг,18884397,Новый,Срочная потребность,1,Договор заключен
311,Консалтинг,10341427,Постоянный,Нет потребности,0,Работа над договором
312,Консалтинг,8130648,Постоянный,Средняя потребность,0,Работа над договором
313,Маркетинг,18609553,Новый,Низкая потребность,0,Работа над договором
314,Строительство,4610086,Постоянный,Средняя потребность,1,Договор заключен
315,Строительство,8146982,Постоянный,Средняя потребность,1,Договор заключен
316,Консалтинг,16956420,Новый,Низкая потребность,0,Холодный звонок
317,Торговля,12695834,Новый,Высокая потребность,1,Договор заключен
318,Торговля,8074026,Постоянный,Высокая потребность,1,Договор заключен
319,Ритейл,5228181,Постоянный,Срочная потребность,0,Холодный звонок
320,Торговля,847068,Постоянный,Нет потребности,1,Договор заключен
321,Финансы,1838292,Постоянный,Нет потребности,0,Работа над договором
322,Маркетинг,3364540,Постоянный,Средняя потребность,1,Договор заключен
323,Консалтинг,15764395,Постоянный,Низкая потребность,0,Работа над договором
324,Ритейл,12839119,Постоянный,Средняя потребность,0,Холодный звонок
325,Ритейл,8754338,Новый,Срочная потребность,1,Договор заключен
326,Строительство,15690669,Постоянный,Низкая потребность,0,Работа над договором
327,Строительство,3341506,Постоянный,Низкая потребность,0,Работа над договором
328,Маркетинг,4337047,Постоянный,Высокая потребность,0,Работа над договором
329,Маркетинг,7945676,Новый,Высокая потребность,1,Договор заключен
330,Продажи,18360302,Постоянный,Высокая потребность,1,Договор заключен
331,Продажи,12342509,Постоянный,Средняя потребность,0,Работа над договором
332,Финансы,17042292,Постоянный,Срочная потребность,1,Договор заключен
333,Финансы,5076013,Постоянный,Низкая потребность,0,Холодный звонок
334,Торговля,16990357,Постоянный,Средняя потребность,0,Работа над договором
335,Продажи,1588723,Постоянный,Высокая потребность,0,Работа над договором
336,Торговля,4669073,Постоянный,Срочная потребность,1,Договор заключен
337,Ритейл,10532054,Постоянный,Средняя потребность,1,Договор заключен
338,Финансы,1153139,Новый,Высокая потребность,1,Договор заключен
339,Строительство,17186499,Постоянный,Нет потребности,0,Договор расторгнут
340,Ритейл,17368357,Постоянный,Низкая потребность,0,Договор расторгнут
341,Консалтинг,10898114,Постоянный,Нет потребности,0,Холодный звонок
342,Финансы,6220134,Новый,Высокая потребность,0,Работа над договором
343,Консалтинг,2114433,Постоянный,Средняя потребность,0,Работа над договором
344,Продажи,12435490,Постоянный,Высокая потребность,1,Договор заключен
345,Ритейл,15235342,Постоянный,Нет потребности,0,Холодный звонок
346,Строительство,12110316,Новый,Срочная потребность,1,Договор заключен
347,Ритейл,2696621,Постоянный,Срочная потребность,1,Договор заключен
348,Ритейл,2567031,Постоянный,Низкая потребность,0,Работа над договором
349,Строительство,15649641,Постоянный,Нет потребности,0,Работа над договором
350,Строительство,3306624,Новый,Нет потребности,0,Работа над договором
351,Продажи,18779452,Постоянный,Срочная потребность,1,Договор заключен
352,Маркетинг,2253055,Постоянный,Средняя потребность,0,Работа над договором
353,Финансы,14608243,Новый,Высокая потребность,1,Договор заключен
354,Продажи,19508334,Новый,Средняя потребность,1,Договор заключен
355,Ритейл,8908271,Постоянный,Высокая потребность,1,Договор заключен
356,Ритейл,1275776,Постоянный,Средняя потребность,0,Работа над договором
357,Строительство,17552061,Постоянный,Высокая потребность,1,Договор заключен
358,Ритейл,3868042,Новый,Срочная потребность,0,Холодный звонок
359,Маркетинг,10620033,Постоянный,Низкая потребность,1,Договор заключен
360,Торговля,19693037,Постоянный,Срочная потребность,0,Работа над договором
361,Торговля,14933702,Постоянный,Нет потребности,0,Холодный звонок
362,Ритейл,1069385,Постоянный,Средняя потребность,0,Холодный звонок
363,Строительство,16437042,Новый,Срочная потребность,1,Договор заключен
364,Ритейл,3350651,Постоянный,Высокая потребность,0,Договор расторгнут
365,Маркетинг,15024654,Постоянный,Высокая потребность,1,Договор заключен
366,Продажи,12475963,Новый,Средняя потребность,1,Договор заключен
367,Продажи,5863919,Новый,Средняя потребность,0,Договор расторгнут
368,Финансы,8558646,Новый,Средняя потребность,1,Договор заключен
369,Маркетинг,2489201,Постоянный,Высокая потребность,1,Договор заключен
370,Торговля,19737666,Постоянный,Средняя потребность,1,Договор заключен
371,Финансы,4881019,Постоянный,Средняя потребность,1,Договор заключен
372,Консалтинг,6277264,Постоянный,Средняя потребность,1,Договор заключен
373,Финансы,10132067,Новый,Средняя потребность,0,Работа над договором
374,Финансы,13496751,Постоянный,Средняя потребность,0,Холодный звонок
375,Ритейл,10179746,Постоянный,Низкая потребность,1,Договор заключен
376,Маркетинг,10177012,Новый,Срочная потребность,1,Договор заключен
377,Торговля,11715490,Постоянный,Высокая потребность,1,Договор заключен
378,Торговля,17175275,Постоянный,Низкая потребность,1,Договор заключен
379,Финансы,7992771,Постоянный,Высокая потребность,1,Договор заключен
380,Строительство,16667788,Постоянный,Срочная потребность,1,Договор заключен
381,Маркетинг,15769793,Постоянный,Средняя потребность,0,Холодный звонок
382,Ритейл,19225976,Постоянный,Низкая потребность,1,Договор заключен
383,Ритейл,18276101,Новый,Нет потребности,0,Холодный звонок
384,Строительство,15993875,Постоянный,Нет потребности,0,Работа над договором
385,Маркетинг,5047492,Постоянный,Высокая потребность,1,Договор заключен
386,Маркетинг,15519804,Постоянный,Срочная потребность,1,Договор заключен
387,Маркетинг,14769985,Постоянный,Нет потребности,0,Холодный звонок
388,Торговля,5896604,Постоянный,Высокая потребность,1,Договор заключен
389,Ритейл,13607741,Постоянный,Нет потребности,0,Работа над договором
390,Строительство,5171441,Постоянный,Высокая потребность,0,Работа над договором
391,Торговля,10533346,Постоянный,Высокая потребность,1,Договор заключен
392,Строительство,15965481,Новый,Средняя потребность,0,Договор расторгнут
393,Финансы,3892325,Постоянный,Нет потребности,0,Холодный звонок
394,Консалтинг,6838513,Постоянный,Высокая потребность,1,Договор заключен
395,Торговля,15935360,Постоянный,Срочная потребность,1,Договор заключен
396,Ритейл,9157763,Новый,Средняя потребность,0,Работа над договором
397,Маркетинг,19218431,Постоянный,Низкая потребность,1,Договор заключен
398,Строительство,308014,Постоянный,Низкая потребность,0,Холодный звонок
399,Строительство,14478451,Постоянный,Высокая потребность,1,Договор заключен
400,Финансы,16311835,Постоянный,Высокая потребность,1,Договор заключен
401,Ритейл,18369520,Постоянный,Высокая потребность,1,Договор заключен
402,Торговля,3261573,Постоянный,Высокая потребность,1,Договор заключен
403,Финансы,19686077,Постоянный,Срочная потребность,1,Договор заключен
404,Ритейл,7936721,Постоянный,Высокая потребность,1,Договор заключен
405,Продажи,7138205,Новый,Средняя потребность,0,Холодный звонок
406,Продажи,7207513,Постоянный,Высокая потребность,1,Договор заключен
407,Продажи,12818737,Постоянный,Средняя потребность,0,Работа над договором
408,Строительство,13236975,Постоянный,Средняя потребность,1,Договор заключен
409,Ритейл,9557564,Постоянный,Срочная потребность,1,Договор заключен
410,Маркетинг,1560069,Постоянный,Высокая потребность,1,Договор заключен
411,Строительство,19734580,Постоянный,Срочная потребность,0,Работа над договором
412,Строительство,4558736,Новый,Средняя потребность,0,Холодный звонок
413,Строительство,2012085,Новый,Высокая потребность,0,Договор расторгнут
414,Маркетинг,12008043,Новый,Средняя потребность,0,Холодный звонок
415,Маркетинг,8335642,Новый,Низкая потребность,0,Холодный звонок
416,Консалтинг,12369009,Новый,Средняя потребность,0,Работа над договором
417,Ритейл,17529450,Постоянный,Высокая потребность,0,Работа над договором
418,Маркетинг,2081893,Постоянный,Нет потребности,0,Работа над договором
419,Финансы,5788418,Постоянный,Срочная потребность,1,Договор заключен
420,Продажи,10403944,Постоянный,Низкая потребность,0,Холодный звонок
421,Ритейл,15787688,Постоянный,Низкая потребность,0,Работа над договором
422,Консалтинг,12072763,Новый,Высокая потребность,0,Холодный звонок
423,Торговля,7748245,Постоянный,Низкая потребность,0,Работа над договором
424,Консалтинг,12259716,Постоянный,Срочная потребность,1,Договор заключен
425,Финансы,19602574,Постоянный,Высокая потребность,0,Холодный звонок
426,Строительство,9679063,Постоянный,Нет потребности,1,Договор заключен
427,Ритейл,17688067,Постоянный,Высокая потребность,1,Договор заключен
428,Торговля,15632131,Новый,Высокая потребность,1,Договор заключен
429,Маркетинг,6131209,Постоянный,Высокая потребность,1,Договор заключен
430,Торговля,5102636,Постоянный,Срочная потребность,1,Договор заключен
431,Маркетинг,15438333,Постоянный,Высокая потребность,1,Договор заключен
432,Торговля,4268472,Постоянный,Высокая потребность,1,Договор заключен
433,Торговля,6836602,Постоянный,Средняя потребность,0,Холодный звонок
434,Маркетинг,4822628,Постоянный,Высокая потребность,1,Договор заключен
435,Продажи,12186302,Постоянный,Срочная потребность,1,Договор заключен
436,Маркетинг,5988674,Постоянный,Высокая потребность,1,Договор заключен
437,Продажи,13220843,Новый,Высокая потребность,1,Договор заключен
438,Ритейл,18706657,Постоянный,Средняя потребность,0,Работа над договором
439,Маркетинг,16617468,Новый,Высокая потребность,0,Холодный звонок
440,Финансы,18966885,Постоянный,Срочная потребность,1,Договор заключен
441,Ритейл,635349,Постоянный,Низкая потребность,0,Работа над договором
442,Финансы,9190787,Новый,Низкая потребность,0,Холодный звонок
443,Маркетинг,4520134,Постоянный,Высокая потребность,0,Работа над договором
444,Продажи,18369688,Постоянный,Средняя потребность,1,Договор заключен
445,Продажи,14281568,Постоянный,Высокая потребность,0,Работа над договором
446,Консалтинг,6506387,Постоянный,Нет потребности,0,Холодный звонок
447,Финансы,11335936,Постоянный,Средняя потребность,0,Договор расторгнут
448,Ритейл,12167828,Новый,Высокая потребность,1,Договор заключен
449,Продажи,9987760,Новый,Высокая потребность,1,Договор заключен
450,Финансы,9565891,Постоянный,Высокая потребность,0,Холодный звонок
451,Ритейл,1245917,Постоянный,Высокая потребность,1,Договор заключен
452,Ритейл,9131367,Постоянный,Высокая потребность,1,Договор заключен
453,Продажи,7063276,Постоянный,Высокая потребность,0,Работа над договором
454,Маркетинг,16392269,Постоянный,Высокая потребность,0,Договор расторгнут
455,Консалтинг,17322239,Новый,Высокая потребность,0,Холодный звонок
456,Продажи,15045756,Новый,Высокая потребность,0,Холодный звонок
457,Строительство,763222,Постоянный,Низкая потребность,0,Холодный звонок
458,Консалтинг,16848355,Постоянный,Средняя потребность,0,Холодный звонок
459,Торговля,8019259,Постоянный,Высокая потребность,0,Договор расторгнут
460,Маркетинг,8414922,Постоянный,Срочная потребность,1,Договор заключен
461,Торговля,18911193,Постоянный,Высокая потребность,1,Договор заключен
462,Маркетинг,17365817,Постоянный,Низкая потребность,0,Холодный звонок
463,Торговля,1159982,Постоянный,Высокая потребность,0,Холодный звонок
464,Финансы,7292682,Постоянный,Средняя потребность,0,Работа над договором
465,Маркетинг,15031659,Новый,Высокая потребность,0,Холодный звонок
466,Ритейл,10846114,Постоянный,Срочная потребность,0,Работа над договором
467,Строительство,5263610,Новый,Высокая потребность,1,Договор заключен
468,Консалтинг,10566814,Постоянный,Высокая потребность,1,Договор заключен
469,Строительство,17352185,Постоянный,Средняя потребность,1,Договор заключен
470,Ритейл,4582292,Постоянный,Средняя потребность,1,Договор заключен
471,Торговля,14959449,Постоянный,Срочная потребность,1,Договор заключен
472,Торговля,14735004,Постоянный,Высокая потребность,1,Договор заключен
473,Продажи,17731247,Постоянный,Высокая потребность,0,Холодный звонок
474,Продажи,6064139,Новый,Средняя потребность,1,Договор заключен
475,Консалтинг,4436107,Постоянный,Нет потребности,0,Холодный звонок
476,Торговля,11020945,Постоянный,Низкая потребность,0,Работа над договором
477,Торговля,10696161,Постоянный,Низкая потребность,0,Холодный звонок
478,Маркетинг,8279268,Постоянный,Средняя потребность,0,Работа над договором
479,Консалтинг,15618508,Постоянный,Срочная потребность,1,Договор заключен
480,Маркетинг,16011114,Постоянный,Высокая потребность,1,Договор заключен
481,Финансы,5027139,Новый,Средняя потребность,0,Холодный звонок
482,Торговля,15941262,Новый,Низкая потребность,0,Холодный звонок
483,Строительство,4730314,Постоянный,Средняя потребность,1,Договор заключен
484,Торговля,8241530,Постоянный,Срочная потребность,1,Договор заключен
485,Продажи,689565,Постоянный,Средняя потребность,0,Холодный звонок
486,Строительство,6906820,Новый,Высокая потребность,1,Договор заключен
487,Финансы,19176528,Постоянный,Высокая потребность,0,Работа над договором
488,Продажи,8934863,Постоянный,Низкая потребность,0,Холодный звонок
489,Торговля,14243835,Постоянный,Высокая потребность,1,Договор заключен
490,Консалтинг,2292346,Новый,Срочная потребность,0,Договор расторгнут
491,Ритейл,12765873,Постоянный,Средняя потребность,1,Договор заключен
492,Ритейл,7525768,Постоянный,Нет потребности,0,Холодный звонок
493,Торговля,14918295,Новый,Срочная потребность,1,Договор заключен
494,Консалтинг,18571180,Постоянный,Срочная потребность,1,Договор заключен
495,Финансы,10702516,Новый,Высокая потребность,1,Договор заключен
496,Финансы,2191130,Постоянный,Высокая потребность,1,Договор заключен
497,Маркетинг,9601256,Постоянный,Низкая потребность,0,Холодный звонок
498,Финансы,2593709,Постоянный,Срочная потребность,0,Работа над договором
499,Ритейл,9073214,Новый,Высокая потребность,1,Договор заключен
500,Финансы,1363768,Постоянный,Нет потребности,0,Договор расторгнут
501,Маркетинг,12862718,Постоянный,Высокая потребность,0,Холодный звонок
502,Консалтинг,6312444,Постоянный,Срочная потребность,0,Холодный звонок
503,Ритейл,4150469,Постоянный,Срочная потребность,1,Договор заключен
504,Ритейл,493475,Постоянный,Средняя потребность,0,Работа над договором
505,Строительство,17777965,Постоянный,Нет потребности,1,Договор заключен
506,Продажи,16768337,Постоянный,Срочная потребность,1,Договор заключен
507,Продажи,16263284,Новый,Срочная потребность,1,Договор заключен
508,Строительство,1304015,Постоянный,Высокая потребность,0,Холодный звонок
509,Строительство,7088837,Постоянный,Высокая потребность,1,Договор заключен
510,Строительство,19431287,Постоянный,Средняя потребность,1,Договор заключен
511,Ритейл,11635394,Постоянный,Средняя потребность,1,Договор заключен
512,Торговля,2700636,Постоянный,Низкая потребность,1,Договор заключен
513,Торговля,2949391,Постоянный,Низкая потребность,0,Холодный звонок
514,Торговля,5372764,Новый,Средняя потребность,0,Холодный звонок
515,Ритейл,19451073,Постоянный,Срочная потребность,1,Договор заключен
516,Маркетинг,3516794,Постоянный,Низкая потребность,0,Работа над договором
517,Ритейл,18072419,Постоянный,Средняя потребность,0,Работа над договором
518,Маркетинг,13608566,Новый,Высокая потребность,1,Договор заключен
519,Продажи,18449665,Постоянный,Низкая потребность,1,Договор заключен
520,Консалтинг,16546354,Постоянный,Низкая потребность,0,Холодный звонок
521,Финансы,6743436,Новый,Высокая потребность,0,Договор расторгнут
522,Строительство,16583724,Постоянный,Средняя потребность,1,Договор заключен
523,Строительство,3507323,Новый,Высокая потребность,1,Договор заключен
524,Торговля,5925739,Постоянный,Срочная потребность,1,Договор заключен
525,Финансы,4353677,Постоянный,Низкая потребность,0,Холодный звонок
526,Финансы,2793394,Постоянный,Срочная потребность,0,Холодный звонок
527,Ритейл,1936527,Новый,Срочная потребность,0,Холодный звонок
528,Строительство,3869874,Постоянный,Срочная потребность,0,Холодный звонок
529,Ритейл,2534196,Постоянный,Высокая потребность,0,Работа над договором
530,Ритейл,7701437,Постоянный,Высокая потребность,0,Договор расторгнут
531,Консалтинг,1565395,Постоянный,Высокая потребность,1,Договор заключен
532,Строительство,1366342,Постоянный,Высокая потребность,0,Холодный звонок
533,Строительство,19797987,Постоянный,Нет потребности,0,Работа над договором
534,Строительство,1890732,Новый,Срочная потребность,0,Холодный звонок
535,Консалтинг,1620045,Постоянный,Высокая потребность,0,Договор расторгнут
536,Строительство,747606,Постоянный,Высокая потребность,1,Договор заключен
537,Продажи,2780960,Постоянный,Средняя потребность,0,Холодный звонок
538,Маркетинг,10629194,Постоянный,Нет потребности,0,Холодный звонок
539,Продажи,16571003,Постоянный,Высокая потребность,1,Договор заключен
540,Маркетинг,14737617,Постоянный,Высокая потребность,1,Договор заключен
541,Консалтинг,11667768,Постоянный,Средняя потребность,1,Договор заключен
542,Маркетинг,1837738,Постоянный,Средняя потребность,0,Холодный звонок
543,Строительство,15522181,Постоянный,Средняя потребность,1,Договор заключен
544,Строительство,889439,Постоянный,Высокая потребность,1,Договор заключен
545,Торговля,12673603,Постоянный,Средняя потребность,1,Договор заключен
546,Маркетинг,8275238,Постоянный,Срочная потребность,0,Холодный звонок
547,Продажи,17661175,Постоянный,Низкая потребность,0,Работа над договором
548,Консалтинг,6254531,Постоянный,Средняя потребность,0,Договор расторгнут
549,Продажи,12823580,Новый,Средняя потребность,1,Договор заключен
550,Консалтинг,8883900,Постоянный,Высокая потребность,1,Договор заключен
551,Торговля,10514183,Постоянный,Высокая потребность,0,Договор расторгнут
552,Финансы,18785139,Постоянный,Высокая потребность,1,Договор заключен
553,Торговля,14298081,Постоянный,Срочная потребность,1,Договор заключен
554,Финансы,8378936,Постоянный,Средняя потребность,0,Работа над договором
555,Ритейл,9030746,Постоянный,Высокая потребность,1,Договор заключен
556,Продажи,14135741,Постоянный,Нет потребности,0,Холодный звонок
557,Торговля,7019366,Новый,Средняя потребность,0,Холодный звонок
558,Ритейл,3481978,Постоянный,Средняя потребность,1,Договор заключен
559,Торговля,9432901,Постоянный,Нет потребности,0,Работа над договором
560,Торговля,1504267,Постоянный,Высокая потребность,0,Договор расторгнут
561,Продажи,3518824,Новый,Высокая потребность,0,Работа над договором
562,Маркетинг,8501061,Постоянный,Высокая потребность,0,Холодный звонок
563,Продажи,15961948,Постоянный,Высокая потребность,1,Договор заключен
564,Строительство,15661137,Постоянный,Высокая потребность,1,Договор заключен
565,Ритейл,5324970,Постоянный,Средняя потребность,0,Холодный звонок
566,Строительство,8525268,Новый,Нет потребности,0,Работа над договором
567,Строительство,3197601,Постоянный,Низкая потребность,0,Работа над договором
568,Строительство,15141596,Постоянный,Высокая потребность,1,Договор заключен
569,Консалтинг,5040091,Постоянный,Срочная потребность,1,Договор заключен
570,Продажи,16020597,Постоянный,Нет потребности,1,Договор заключен
571,Ритейл,16865092,Новый,Высокая потребность,1,Договор заключен
572,Финансы,13828339,Постоянный,Высокая потребность,1,Договор заключен
573,Строительство,6704495,Постоянный,Срочная потребность,1,Договор заключен
574,Маркетинг,19065246,Новый,Высокая потребность,1,Договор заключен
575,Маркетинг,13768089,Новый,Высокая потребность,0,Работа над договором
576,Финансы,12969914,Постоянный,Высокая потребность,0,Холодный звонок
577,Ритейл,17149731,Постоянный,Срочная потребность,0,Договор расторгнут
578,Продажи,17647163,Постоянный,Низкая потребность,0,Договор расторгнут
579,Ритейл,1693231,Постоянный,Срочная потребность,0,Работа над договором
580,Маркетинг,17648717,Постоянный,Нет потребности,0,Работа над договором
581,Маркетинг,15335734,Постоянный,Срочная потребность,0,Холодный звонок
582,Торговля,4249460,Новый,Нет потребности,0,Работа над договором
583,Маркетинг,6257159,Новый,Низкая потребность,0,Холодный звонок
584,Маркетинг,15090403,Новый,Нет потребности,1,Договор заключен
585,Финансы,4449953,Новый,Средняя потребность,1,Договор заключен
586,Ритейл,9130436,Постоянный,Средняя потребность,1,Договор заключен
587,Консалтинг,13824693,Постоянный,Низкая потребность,0,Холодный звонок
588,Маркетинг,13062217,Постоянный,Средняя потребность,1,Договор заключен
589,Торговля,18209462,Постоянный,Средняя потребность,1,Договор заключен
590,Торговля,2364008,Постоянный,Высокая потребность,0,Холодный звонок
591,Торговля,6006131,Постоянный,Срочная потребность,1,Договор заключен
592,Ритейл,19699854,Постоянный,Высокая потребность,1,Договор заключен
593,Строительство,11441351,Постоянный,Низкая потребность,0,Работа над договором
594,Ритейл,5086833,Постоянный,Средняя потребность,0,Холодный звонок
595,Финансы,5903207,Постоянный,Срочная потребность,0,Холодный звонок
596,Торговля,6883369,Постоянный,Низкая потребность,1,Договор заключен
597,Консалтинг,11152568,Постоянный,Средняя потребность,1,Договор заключен
598,Торговля,5798163,Новый,Срочная потребность,1,Договор заключен
599,Консалтинг,12493961,Новый,Срочная потребность,1,Договор заключен
600,Консалтинг,8988557,Постоянный,Средняя потребность,1,Договор заключен
601,Консалтинг,12265157,Постоянный,Высокая потребность,0,Работа над договором
602,Торговля,3229155,Постоянный,Средняя потребность,0,Работа над договором
603,Торговля,12527395,Новый,Высокая потребность,1,Договор заключен
604,Маркетинг,18506121,Новый,Нет потребности,0,Холодный звонок
605,Торговля,2831333,Постоянный,Низкая потребность,0,Холодный звонок
606,Продажи,6649748,Постоянный,Высокая потребность,1,Договор заключен
607,Финансы,13916778,Постоянный,Средняя потребность,1,Договор заключен
608,Продажи,12405478,Постоянный,Высокая потребность,1,Договор заключен
609,Ритейл,13543794,Новый,Средняя потребность,1,Договор заключен
610,Ритейл,11257356,Постоянный,Срочная потребность,1,Договор заключен
611,Торговля,13699374,Постоянный,Срочная потребность,1,Договор заключен
612,Продажи,12246339,Постоянный,Высокая потребность,1,Договор заключен
613,Торговля,1620300,Постоянный,Высокая потребность,1,Договор заключен
614,Финансы,15062977,Новый,Средняя потребность,0,Работа над договором
615,Консалтинг,9019751,Новый,Высокая потребность,0,Холодный звонок
616,Консалтинг,1171298,Постоянный,Низкая потребность,0,Работа над договором
617,Строительство,8269347,Постоянный,Срочная потребность,1,Договор заключен
618,Строительство,8788316,Новый,Срочная потребность,0,Холодный звонок
619,Маркетинг,1871222,Постоянный,Срочная потребность,1,Договор заключен
620,Маркетинг,19922352,Новый,Срочная потребность,1,Договор заключен
621,Продажи,4564003,Постоянный,Срочная потребность,0,Работа над договором
622,Продажи,6713557,Постоянный,Средняя потребность,0,Холодный звонок
623,Строительство,8903108,Новый,Срочная потребность,1,Договор заключен
624,Финансы,16675246,Постоянный,Высокая потребность,1,Договор заключен
625,Консалтинг,14896690,Постоянный,Средняя потребность,0,Договор расторгнут
626,Строительство,15453616,Постоянный,Высокая потребность,0,Холодный звонок
627,Финансы,4855682,Постоянный,Средняя потребность,0,Работа над договором
628,Финансы,16931876,Постоянный,Средняя потребность,1,Договор заключен
629,Продажи,16620535,Постоянный,Средняя потребность,1,Договор заключен
630,Финансы,9357601,Новый,Низкая потребность,0,Холодный звонок
631,Торговля,10984095,Новый,Высокая потребность,0,Договор расторгнут
632,Финансы,887229,Постоянный,Срочная потребность,1,Договор заключен
633,Продажи,15244370,Постоянный,Высокая потребность,1,Договор заключен
634,Финансы,19224313,Постоянный,Высокая потребность,1,Договор заключен
635,Строительство,9530236,Новый,Средняя потребность,1,Договор заключен
636,Консалтинг,10878952,Постоянный,Средняя потребность,0,Холодный звонок
637,Строительство,10059005,Постоянный,Низкая потребность,0,Работа над договором
638,Финансы,1790500,Постоянный,Срочная потребность,1,Договор заключен
639,Торговля,12451429,Постоянный,Низкая потребность,1,Договор заключен
640,Ритейл,14470696,Постоянный,Высокая потребность,1,Договор заключен
641,Консалтинг,18570216,Постоянный,Высокая потребность,0,Холодный звонок
642,Ритейл,18606250,Новый,Высокая потребность,0,Договор расторгнут
643,Торговля,9912479,Новый,Срочная потребность,0,Работа над договором
644,Продажи,19185825,Новый,Средняя потребность,0,Работа над договором
645,Торговля,10643852,Постоянный,Срочная потребность,1,Договор заключен
646,Финансы,12894578,Постоянный,Высокая потребность,1,Договор заключен
647,Продажи,12099639,Постоянный,Высокая потребность,1,Договор заключен
648,Продажи,19973838,Новый,Высокая потребность,1,Договор заключен
649,Ритейл,14789675,Постоянный,Срочная потребность,1,Договор заключен
650,Торговля,2532092,Новый,Срочная потребность,0,Договор расторгнут
651,Продажи,1576229,Постоянный,Средняя потребность,0,Холодный звонок
652,Консалтинг,8286133,Новый,Срочная потребность,1,Договор заключен
653,Строительство,10386395,Постоянный,Высокая потребность,1,Договор заключен
654,Торговля,13422177,Постоянный,Средняя потребность,0,Холодный звонок
655,Продажи,9709593,Постоянный,Срочная потребность,0,Договор расторгнут
656,Продажи,10365619,Постоянный,Средняя потребность,0,Холодный звонок
657,Торговля,18445446,Постоянный,Высокая потребность,1,Договор заключен
658,Консалтинг,6797341,Постоянный,Низкая потребность,1,Договор заключен
659,Маркетинг,9946105,Постоянный,Средняя потребность,0,Холодный звонок
660,Финансы,11214096,Постоянный,Срочная потребность,1,Договор заключен
661,Строительство,9446162,Постоянный,Средняя потребность,0,Холодный звонок
662,Торговля,19367186,Постоянный,Средняя потребность,1,Договор заключен
663,Маркетинг,19249669,Новый,Средняя потребность,1,Договор заключен
664,Строительство,10335451,Постоянный,Высокая потребность,0,Договор расторгнут
665,Консалтинг,9093942,Постоянный,Высокая потребность,0,Работа над договором
666,Консалтинг,11841032,Новый,Срочная потребность,1,Договор заключен
667,Продажи,3740555,Новый,Нет потребности,0,Работа над договором
668,Ритейл,8605721,Постоянный,Высокая потребность,1,Договор заключен
669,Ритейл,4455785,Новый,Средняя потребность,0,Работа над договором
670,Маркетинг,3009397,Постоянный,Высокая потребность,0,Холодный звонок
671,Ритейл,2039472,Постоянный,Средняя потребность,0,Холодный звонок
672,Консалтинг,11803289,Постоянный,Средняя потребность,1,Договор заключен
673,Консалтинг,161277,Постоянный,Средняя потребность,0,Договор расторгнут
674,Маркетинг,12976529,Постоянный,Высокая потребность,1,Договор заключен
675,Консалтинг,8724121,Постоянный,Высокая потребность,0,Работа над договором
676,Торговля,7424681,Постоянный,Средняя потребность,0,Холодный звонок
677,Консалтинг,15419465,Постоянный,Срочная потребность,1,Договор заключен
678,Маркетинг,10844183,Постоянный,Высокая потребность,1,Договор заключен
679,Продажи,14709308,Постоянный,Средняя потребность,1,Договор заключен
680,Ритейл,14233066,Постоянный,Высокая потребность,1,Договор заключен
681,Торговля,788159,Постоянный,Срочная потребность,0,Договор расторгнут
682,Маркетинг,4427522,Постоянный,Низкая потребность,0,Работа над договором
683,Ритейл,11464160,Постоянный,Высокая потребность,1,Договор заключен
684,Ритейл,19514589,Постоянный,Средняя потребность,1,Договор заключен
685,Строительство,3212520,Постоянный,Высокая потребность,0,Работа над договором
686,Торговля,2245328,Новый,Средняя потребность,0,Работа над договором
687,Финансы,18830364,Постоянный,Высокая потребность,1,Договор заключен
688,Консалтинг,19341018,Новый,Средняя потребность,1,Договор заключен
689,Продажи,3472195,Постоянный,Высокая потребность,0,Холодный звонок
690,Торговля,8123901,Постоянный,Срочная потребность,1,Договор заключен
691,Ритейл,12588788,Постоянный,Средняя потребность,1,Договор заключен
692,Торговля,4025273,Постоянный,Срочная потребность,1,Договор заключен
693,Ритейл,6625831,Новый,Срочная потребность,1,Договор заключен
694,Ритейл,7996480,Новый,Срочная потребность,0,Холодный звонок
695,Маркетинг,12884992,Новый,Низкая потребность,0,Работа над договором
696,Строительство,6265076,Постоянный,Срочная потребность,1,Договор заключен
697,Торговля,8333333,Постоянный,Нет потребности,0,Холодный звонок
698,Консалтинг,5898224,Постоянный,Средняя потребность,1,Договор заключен
699,Маркетинг,15228914,Постоянный,Срочная потребность,1,Договор заключен
700,Маркетинг,3187743,Постоянный,Высокая потребность,0,Договор расторгнут
701,Продажи,4728980,Постоянный,Высокая потребность,0,Работа над договором
702,Консалтинг,5112292,Постоянный,Средняя потребность,0,Холодный звонок
703,Строительство,18129968,Новый,Срочная потребность,1,Договор заключен
704,Строительство,18897854,Постоянный,Высокая потребность,1,Договор заключен
705,Маркетинг,10079161,Постоянный,Средняя потребность,0,Холодный звонок
706,Продажи,3254546,Постоянный,Срочная потребность,1,Договор заключен
707,Маркетинг,15158448,Постоянный,Средняя потребность,0,Работа над договором
708,Консалтинг,9918000,Постоянный,Низкая потребность,0,Договор расторгнут
709,Продажи,17017144,Постоянный,Высокая потребность,0,Холодный звонок
710,Продажи,7295891,Постоянный,Срочная потребность,0,Договор расторгнут
711,Консалтинг,19976747,Постоянный,Средняя потребность,0,Работа над договором
712,Продажи,16169016,Новый,Средняя потребность,0,Работа над договором
713,Торговля,4595321,Постоянный,Низкая потребность,0,Договор расторгнут
714,Торговля,14552083,Постоянный,Срочная потребность,1,Договор заключен
715,Ритейл,5844814,Постоянный,Средняя потребность,1,Договор заключен
716,Торговля,7093370,Постоянный,Высокая потребность,1,Договор заключен
717,Продажи,5121096,Постоянный,Срочная потребность,1,Договор заключен
718,Продажи,13692060,Постоянный,Нет потребности,0,Договор расторгнут
719,Строительство,5367995,Постоянный,Высокая потребность,1,Договор заключен
720,Консалтинг,12830162,Постоянный,Высокая потребность,1,Договор заключен
721,Маркетинг,11711528,Постоянный,Высокая потребность,1,Договор заключен
722,Ритейл,15053359,Постоянный,Средняя потребность,1,Договор заключен
723,Торговля,19871422,Новый,Средняя потребность,1,Договор заключен
724,Маркетинг,325083,Постоянный,Низкая потребность,0,Договор расторгнут
725,Торговля,19807020,Постоянный,Высокая потребность,1,Договор заключен
726,Маркетинг,2320666,Новый,Высокая потребность,0,Холодный звонок
727,Торговля,10606448,Постоянный,Низкая потребность,0,Работа над договором
728,Маркетинг,6916662,Постоянный,Средняя потребность,0,Работа над договором
729,Продажи,12834690,Новый,Срочная потребность,0,Холодный звонок
730,Консалтинг,14476472,Постоянный,Нет потребности,0,Работа над договором
731,Торговля,17220415,Постоянный,Средняя потребность,1,Договор заключен
732,Финансы,8129295,Постоянный,Высокая потребность,1,Договор заключен
733,Ритейл,18668729,Постоянный,Средняя потребность,1,Договор заключен
734,Торговля,6550340,Постоянный,Средняя потребность,1,Договор заключен
735,Строительство,4196633,Постоянный,Средняя потребность,0,Холодный звонок
736,Консалтинг,7675771,Постоянный,Низкая потребность,0,Договор расторгнут
737,Торговля,10641553,Постоянный,Высокая потребность,0,Работа над договором
738,Финансы,13412972,Постоянный,Высокая потребность,1,Договор заключен
739,Торговля,16681815,Постоянный,Высокая потребность,1,Договор заключен
740,Ритейл,4613413,Постоянный,Низкая потребность,0,Холодный звонок
741,Торговля,6168561,Новый,Срочная потребность,0,Холодный звонок
742,Торговля,18782783,Постоянный,Низкая потребность,1,Договор заключен
743,Консалтинг,8880209,Постоянный,Высокая потребность,0,Холодный звонок
744,Строительство,4945181,Постоянный,Средняя потребность,1,Договор заключен
745,Торговля,19714578,Постоянный,Высокая потребность,1,Договор заключен
746,Финансы,9062081,Постоянный,Низкая потребность,0,Договор расторгнут
747,Продажи,19703176,Постоянный,Низкая потребность,0,Холодный звонок
748,Финансы,18398420,Постоянный,Высокая потребность,1,Договор заключен
749,Финансы,18136220,Новый,Нет потребности,0,Холодный звонок
750,Строительство,11699494,Новый,Средняя потребность,0,Холодный звонок
751,Ритейл,15999199,Постоянный,Высокая потребность,1,Договор заключен
752,Строительство,19217023,Постоянный,Срочная потребность,1,Договор заключен
753,Маркетинг,5492240,Постоянный,Низкая потребность,0,Работа над договором
754,Ритейл,899299,Постоянный,Срочная потребность,0,Холодный звонок
755,Продажи,6518873,Постоянный,Высокая потребность,1,Договор заключен
756,Продажи,12792433,Новый,Срочная потребность,0,Договор расторгнут
757,Торговля,11013564,Постоянный,Высокая потребность,0,Работа над договором
758,Финансы,1749605,Новый,Высокая потребность,0,Договор расторгнут
759,Маркетинг,11281430,Постоянный,Высокая потребность,1,Договор заключен
760,Торговля,3611811,Новый,Высокая потребность,1,Договор заключен
761,Строительство,10184230,Постоянный,Срочная потребность,1,Договор заключен
762,Продажи,11577654,Постоянный,Низкая потребность,1,Договор заключен
763,Ритейл,12787905,Постоянный,Средняя потребность,1,Договор заключен
764,Ритейл,8339213,Новый,Нет потребности,0,Работа над договором
765,Финансы,8255211,Постоянный,Срочная потребность,1,Договор заключен
766,Торговля,13619679,Новый,Средняя потребность,0,Работа над договором
767,Консалтинг,15021107,Постоянный,Высокая потребность,1,Договор заключен
768,Продажи,16183654,Новый,Срочная потребность,0,Холодный звонок
769,Маркетинг,6770966,Постоянный,Срочная потребность,1,Договор заключен
770,Финансы,8567913,Постоянный,Низкая потребность,0,Работа над договором
771,Консалтинг,6713938,Новый,Высокая потребность,0,Работа над договором
772,Ритейл,10621746,Постоянный,Срочная потребность,1,Договор заключен
773,Маркетинг,2675435,Постоянный,Нет потребности,0,Работа над договором
774,Торговля,8687314,Постоянный,Высокая потребность,0,Холодный звонок
775,Торговля,3895937,Постоянный,Средняя потребность,0,Холодный звонок
776,Ритейл,10718281,Постоянный,Высокая потребность,1,Договор заключен
777,Финансы,17032839,Постоянный,Высокая потребность,1,Договор заключен
778,Маркетинг,19710101,Постоянный,Средняя потребность,1,Договор заключен
779,Строительство,9008704,Новый,Низкая потребность,0,Работа над договором
780,Торговля,1268149,Постоянный,Низкая потребность,0,Работа над договором
781,Ритейл,4673175,Постоянный,Низкая потребность,0,Работа над договором
782,Консалтинг,2230653,Постоянный,Высокая потребность,0,Работа над договором
783,Маркетинг,15222920,Постоянный,Средняя потребность,1,Договор заключен
784,Маркетинг,19695754,Постоянный,Низкая потребность,1,Договор заключен
785,Продажи,11146525,Новый,Высокая потребность,1,Договор заключен
786,Консалтинг,3660438,Новый,Высокая потребность,0,Холодный звонок
787,Маркетинг,569946,Постоянный,Высокая потребность,0,Работа над договором
788,Консалтинг,19525409,Постоянный,Срочная потребность,0,Работа над договором
789,Продажи,6429774,Постоянный,Средняя потребность,0,Работа над договором
790,Маркетинг,2373414,Постоянный,Срочная потребность,1,Договор заключен
791,Маркетинг,3663478,Постоянный,Нет потребности,0,Холодный звонок
792,Продажи,5216809,Постоянный,Высокая потребность,1,Договор заключен
793,Торговля,13169076,Постоянный,Срочная потребность,1,Договор заключен
794,Торговля,17851899,Постоянный,Срочная потребность,1,Договор заключен
795,Продажи,5609366,Постоянный,Высокая потребность,0,Работа над договором
796,Финансы,13791733,Постоянный,Высокая потребность,1,Договор заключен
797,Ритейл,1439193,Постоянный,Средняя потребность,0,Работа над договором
798,Продажи,350544,Постоянный,Высокая потребность,1,Договор заключен
799,Финансы,1240459,Постоянный,Высокая потребность,1,Договор заключен
800,Продажи,18474099,Постоянный,Срочная потребность,1,Договор заключен
801,Маркетинг,11697286,Постоянный,Высокая потребность,1,Договор заключен
802,Финансы,16132619,Постоянный,Нет потребности,0,Холодный звонок
803,Продажи,581210,Постоянный,Высокая потребность,1,Договор заключен
804,Ритейл,591330,Постоянный,Низкая потребность,1,Договор заключен
805,Торговля,16998523,Новый,Средняя потребность,0,Работа над договором
806,Торговля,2186823,Новый,Средняя потребность,0,Холодный звонок
807,Продажи,3234632,Постоянный,Высокая потребность,1,Договор заключен
808,Маркетинг,10451059,Постоянный,Низкая потребность,0,Работа над договором
809,Финансы,12190341,Постоянный,Низкая потребность,0,Работа над договором
810,Ритейл,4693368,Новый,Нет потребности,0,Холодный звонок
811,Маркетинг,8977057,Постоянный,Срочная потребность,1,Договор заключен
812,Ритейл,13546195,Новый,Высокая потребность,1,Договор заключен
813,Консалтинг,8940602,Постоянный,Нет потребности,0,Работа над договором
814,Строительство,7745667,Постоянный,Нет потребности,0,Холодный звонок
815,Торговля,1575173,Постоянный,Высокая потребность,1,Договор заключен
816,Торговля,9119723,Постоянный,Средняя потребность,1,Договор заключен
817,Маркетинг,16084632,Постоянный,Высокая потребность,1,Договор заключен
818,Маркетинг,12591160,Постоянный,Средняя потребность,0,Работа над договором
819,Консалтинг,17877091,Постоянный,Срочная потребность,1,Договор заключен
820,Ритейл,2654502,Новый,Средняя потребность,0,Договор расторгнут
821,Маркетинг,368680,Постоянный,Высокая потребность,0,Договор расторгнут
822,Консалтинг,11030955,Постоянный,Нет потребности,0,Холодный звонок
823,Маркетинг,3695292,Постоянный,Срочная потребность,1,Договор заключен
824,Консалтинг,11940728,Новый,Срочная потребность,1,Договор заключен
825,Консалтинг,18092498,Постоянный,Высокая потребность,1,Договор заключен
826,Маркетинг,6842172,Новый,Средняя потребность,0,Договор расторгнут
827,Консалтинг,11057448,Постоянный,Низкая потребность,1,Договор заключен
828,Ритейл,13681659,Постоянный,Срочная потребность,1,Договор заключен
829,Ритейл,3128285,Постоянный,Высокая потребность,1,Договор заключен
830,Маркетинг,17962898,Постоянный,Средняя потребность,0,Работа над договором
831,Строительство,4175390,Постоянный,Средняя потребность,0,Работа над договором
832,Строительство,16194243,Постоянный,Средняя потребность,1,Договор заключен
833,Продажи,13250726,Постоянный,Срочная потребность,1,Договор заключен
834,Строительство,2948156,Новый,Высокая потребность,0,Холодный звонок
835,Торговля,14537613,Новый,Высокая потребность,1,Договор заключен
836,Торговля,4050012,Новый,Высокая потребность,1,Договор заключен
837,Торговля,12048622,Постоянный,Средняя потребность,1,Договор заключен
838,Строительство,19199682,Постоянный,Средняя потребность,0,Работа над договором
839,Маркетинг,19069995,Новый,Нет потребности,0,Работа над договором
840,Ритейл,17444085,Постоянный,Высокая потребность,1,Договор заключен
841,Финансы,9957162,Постоянный,Средняя потребность,1,Договор заключен
842,Консалтинг,11256823,Новый,Средняя потребность,0,Работа над договором
843,Ритейл,6110397,Постоянный,Средняя потребность,0,Холодный звонок
844,Маркетинг,18431022,Постоянный,Низкая потребность,1,Договор заключен
845,Маркетинг,9623073,Новый,Высокая потребность,0,Работа над договором
846,Маркетинг,15466779,Постоянный,Средняя потребность,0,Холодный звонок
847,Строительство,7289375,Постоянный,Нет потребности,0,Холодный звонок
848,Маркетинг,14847419,Постоянный,Высокая потребность,1,Договор заключен
849,Торговля,4604655,Постоянный,Средняя потребность,0,Холодный звонок
850,Консалтинг,14715842,Постоянный,Средняя потребность,1,Договор заключен
851,Ритейл,1062370,Новый,Средняя потребность,0,Работа над договором
852,Торговля,2230654,Новый,Срочная потребность,0,Холодный звонок
853,Ритейл,7141417,Постоянный,Средняя потребность,0,Работа над договором
854,Строительство,9718408,Постоянный,Высокая потребность,1,Договор заключен
855,Финансы,14271475,Новый,Срочная потребность,1,Договор заключен
856,Торговля,7277188,Постоянный,Высокая потребность,1,Договор заключен
857,Строительство,515990,Постоянный,Средняя потребность,0,Работа над договором
858,Маркетинг,6609065,Постоянный,Высокая потребность,1,Договор заключен
859,Консалтинг,8867693,Постоянный,Средняя потребность,1,Договор заключен
860,Торговля,10942840,Постоянный,Средняя потребность,0,Холодный звонок
861,Ритейл,12933586,Постоянный,Высокая потребность,1,Договор заключен
862,Ритейл,5066112,Постоянный,Средняя потребность,1,Договор заключен
863,Маркетинг,12266521,Постоянный,Низкая потребность,0,Работа над договором
864,Торговля,12687012,Постоянный,Средняя потребность,1,Договор заключен
865,Торговля,15566471,Постоянный,Низкая потребность,1,Договор заключен
866,Консалтинг,10512690,Постоянный,Средняя потребность,0,Работа над договором
867,Торговля,16238816,Постоянный,Высокая потребность,1,Договор заключен
868,Торговля,4548834,Постоянный,Срочная потребность,1,Договор заключен
869,Продажи,14277360,Постоянный,Нет потребности,0,Холодный звонок
870,Маркетинг,1060012,Постоянный,Высокая потребность,0,Работа над договором
871,Продажи,2190534,Постоянный,Средняя потребность,0,Холодный звонок
872,Строительство,17314707,Новый,Нет потребности,0,Работа над договором
873,Маркетинг,9579195,Постоянный,Средняя потребность,1,Договор заключен
874,Маркетинг,12473788,Новый,Низкая потребность,0,Холодный звонок
875,Консалтинг,12127608,Новый,Низкая потребность,0,Работа над договором
876,Продажи,13943008,Постоянный,Средняя потребность,1,Договор заключен
877,Продажи,5024485,Постоянный,Средняя потребность,0,Холодный звонок
878,Торговля,3688480,Новый,Высокая потребность,1,Договор заключен
879,Продажи,994653,Постоянный,Нет потребности,0,Работа над договором
880,Консалтинг,17315644,Постоянный,Низкая потребность,0,Договор расторгнут
881,Маркетинг,4588267,Постоянный,Низкая потребность,1,Договор заключен
882,Торговля,11567120,Постоянный,Высокая потребность,1,Договор заключен
883,Продажи,9179653,Постоянный,Средняя потребность,1,Договор заключен
884,Строительство,3372779,Новый,Высокая потребность,0,Холодный звонок
885,Торговля,8366516,Новый,Средняя потребность,0,Договор расторгнут
886,Торговля,1801558,Постоянный,Нет потребности,0,Холодный звонок
887,Маркетинг,3656839,Постоянный,Срочная потребность,1,Договор заключен
888,Строительство,2922924,Постоянный,Низкая потребность,1,Договор заключен
889,Маркетинг,16514648,Новый,Низкая потребность,0,Холодный звонок
890,Строительство,11413246,Постоянный,Низкая потребность,1,Договор заключен
891,Маркетинг,18524880,Новый,Срочная потребность,0,Работа над договором
892,Консалтинг,8804314,Новый,Высокая потребность,1,Договор заключен
893,Продажи,4146764,Постоянный,Высокая потребность,0,Договор расторгнут
894,Ритейл,12230438,Постоянный,Срочная потребность,1,Договор заключен
895,Торговля,18602022,Новый,Низкая потребность,0,Работа над договором
896,Консалтинг,10721967,Постоянный,Срочная потребность,1,Договор заключен
897,Продажи,504540,Постоянный,Низкая потребность,0,Работа над договором
898,Маркетинг,6176925,Новый,Высокая потребность,0,Холодный звонок
899,Маркетинг,18510505,Постоянный,Средняя потребность,1,Договор заключен
900,Консалтинг,10439230,Постоянный,Средняя потребность,0,Холодный звонок
901,Маркетинг,19045786,Постоянный,Срочная потребность,1,Договор заключен
902,Маркетинг,10259027,Постоянный,Низкая потребность,0,Работа над договором
903,Строительство,389229,Новый,Срочная потребность,1,Договор заключен
904,Ритейл,17480073,Постоянный,Средняя потребность,1,Договор заключен
905,Продажи,15295933,Постоянный,Высокая потребность,1,Договор заключен
906,Консалтинг,14347676,Постоянный,Срочная потребность,1,Договор заключен
907,Финансы,19408501,Новый,Нет потребности,0,Холодный звонок
908,Строительство,4044452,Постоянный,Срочная потребность,1,Договор заключен
909,Финансы,18132159,Новый,Высокая потребность,0,Холодный звонок
910,Маркетинг,4767577,Постоянный,Высокая потребность,1,Договор заключен
911,Торговля,19418596,Новый,Низкая потребность,0,Холодный звонок
912,Строительство,3949904,Новый,Высокая потребность,0,Холодный звонок
913,Финансы,11073921,Новый,Высокая потребность,1,Договор заключен
914,Ритейл,15818480,Новый,Средняя потребность,1,Договор заключен
915,Консалтинг,1701399,Постоянный,Низкая потребность,1,Договор заключен
916,Продажи,1474101,Новый,Средняя потребность,0,Работа над договором
917,Продажи,17018315,Постоянный,Срочная потребность,1,Договор заключен
918,Торговля,1349470,Постоянный,Нет потребности,1,Договор заключен
919,Строительство,12334490,Новый,Высокая потребность,0,Холодный звонок
920,Консалтинг,18773667,Новый,Срочная потребность,0,Холодный звонок
921,Ритейл,12352524,Постоянный,Нет потребности,0,Холодный звонок
922,Консалтинг,9697862,Постоянный,Низкая потребность,0,Работа над договором
923,Продажи,8432484,Постоянный,Высокая потребность,0,Холодный звонок
924,Строительство,12817547,Постоянный,Нет потребности,0,Работа над договором
925,Строительство,11501063,Постоянный,Высокая потребность,1,Договор заключен
926,Ритейл,10110075,Постоянный,Высокая потребность,1,Договор заключен
927,Продажи,3198558,Постоянный,Высокая потребность,0,Работа над договором
928,Финансы,13303944,Постоянный,Средняя потребность,0,Холодный звонок
929,Финансы,14834435,Постоянный,Высокая потребность,1,Договор заключен
930,Консалтинг,14220769,Постоянный,Высокая потребность,1,Договор заключен
931,Продажи,1639093,Новый,Низкая потребность,0,Работа над договором
932,Консалтинг,14102199,Постоянный,Высокая потребность,1,Договор заключен
933,Строительство,14636148,Постоянный,Срочная потребность,1,Договор заключен
934,Консалтинг,3790783,Постоянный,Высокая потребность,0,Холодный звонок
935,Продажи,17002221,Постоянный,Средняя потребность,1,Договор заключен
936,Ритейл,10548339,Новый,Средняя потребность,0,Холодный звонок
937,Строительство,9528503,Постоянный,Низкая потребность,0,Работа над договором
938,Строительство,14496303,Постоянный,Средняя потребность,1,Договор заключен
939,Продажи,10270132,Новый,Нет потребности,0,Работа над договором
940,Продажи,10963185,Новый,Срочная потребность,0,Холодный звонок
941,Консалтинг,6347453,Постоянный,Средняя потребность,0,Работа над договором
942,Финансы,18568349,Постоянный,Срочная потребность,1,Договор заключен
943,Ритейл,19393752,Постоянный,Низкая потребность,0,Работа над договором
944,Продажи,2739060,Постоянный,Средняя потребность,0,Работа над договором
945,Маркетинг,14702520,Постоянный,Средняя потребность,1,Договор заключен
946,Маркетинг,613190,Постоянный,Средняя потребность,0,Холодный звонок
947,Ритейл,7474422,Новый,Высокая потребность,0,Работа над договором
948,Маркетинг,19404454,Постоянный,Срочная потребность,1,Договор заключен
949,Ритейл,3619926,Постоянный,Срочная потребность,1,Договор заключен
950,Строительство,7633430,Постоянный,Низкая потребность,0,Холодный звонок
951,Маркетинг,4508654,Новый,Высокая потребность,0,Работа над договором
952,Финансы,14605170,Постоянный,Низкая потребность,0,Холодный звонок
953,Консалтинг,9358857,Новый,Срочная потребность,1,Договор заключен
954,Финансы,11923381,Новый,Высокая потребность,1,Договор заключен
955,Торговля,18859982,Постоянный,Средняя потребность,0,Работа над договором
956,Консалтинг,10492870,Постоянный,Низкая потребность,0,Работа над договором
957,Финансы,14722804,Постоянный,Нет потребности,0,Работа над договором
958,Консалтинг,2093478,Постоянный,Средняя потребность,0,Холодный звонок
959,Ритейл,4422588,Новый,Срочная потребность,0,Работа над договором
960,Финансы,18945168,Постоянный,Высокая потребность,1,Договор заключен
961,Строительство,17212288,Постоянный,Срочная потребность,1,Договор заключен
962,Финансы,13185023,Постоянный,Низкая потребность,0,Холодный звонок
963,Торговля,7657280,Постоянный,Высокая потребность,0,Договор расторгнут
964,Строительство,4116093,Постоянный,Средняя потребность,1,Договор заключен
965,Ритейл,17056685,Постоянный,Высокая потребность,1,Договор заключен
966,Консалтинг,15738305,Постоянный,Средняя потребность,0,Работа над договором
967,Консалтинг,4947737,Постоянный,Средняя потребность,1,Договор заключен
968,Финансы,11858160,Постоянный,Высокая потребность,1,Договор заключен
969,Ритейл,12430413,Постоянный,Низкая потребность,0,Работа над договором
970,Маркетинг,9627659,Постоянный,Средняя потребность,0,Холодный звонок
971,Финансы,18544409,Новый,Высокая потребность,0,Работа над договором
972,Финансы,2613399,Постоянный,Низкая потребность,0,Работа над договором
973,Продажи,5269196,Постоянный,Срочная потребность,0,Договор расторгнут
974,Продажи,2036318,Постоянный,Высокая потребность,0,Работа над договором
975,Строительство,13904592,Постоянный,Срочная потребность,1,Договор заключен
976,Строительство,12933592,Постоянный,Высокая потребность,1,Договор заключен
977,Маркетинг,19748155,Постоянный,Высокая потребность,1,Договор заключен
978,Консалтинг,10914943,Новый,Высокая потребность,1,Договор заключен
979,Финансы,3139375,Постоянный,Срочная потребность,1,Договор заключен
980,Продажи,9099999,Постоянный,Высокая потребность,1,Договор заключен
981,Консалтинг,1904785,Постоянный,Средняя потребность,0,Работа над договором
982,Консалтинг,13467603,Постоянный,Низкая потребность,0,Договор расторгнут
983,Продажи,13532774,Постоянный,Высокая потребность,1,Договор заключен
984,Консалтинг,17174364,Постоянный,Нет потребности,0,Договор расторгнут
985,Консалтинг,6893758,Постоянный,Средняя потребность,0,Работа над договором
986,Консалтинг,6305911,Постоянный,Нет потребности,0,Работа над договором
987,Консалтинг,1564202,Новый,Высокая потребность,0,Холодный звонок
988,Финансы,8390781,Постоянный,Низкая потребность,0,Работа над договором
989,Строительство,9584816,Новый,Высокая потребность,0,Холодный звонок
990,Торговля,15126488,Постоянный,Высокая потребность,1,Договор заключен
991,Финансы,15112347,Постоянный,Срочная потребность,1,Договор заключен
992,Продажи,2934014,Новый,Средняя потребность,0,Работа над договором
993,Строительство,5809679,Постоянный,Высокая потребность,1,Договор заключен
994,Продажи,10302718,Новый,Высокая потребность,0,Договор расторгнут
995,Продажи,6800680,Постоянный,Средняя потребность,1,Договор заключен
996,Консалтинг,657105,Постоянный,Высокая потребность,1,Договор заключен
997,Продажи,16937133,Новый,Низкая потребность,1,Договор заключен
998,Финансы,14665765,Постоянный,Срочная потребность,1,Договор заключен
999,Ритейл,10473427,Постоянный,Низкая потребность,1,Договор заключен
1000,Продажи,6452175,Постоянный,Срочная потребность,1,Договор заключен
